Sequence,Mean Score,Std Dev,Sample Size,Global Mean,Global Std,Global Sample Size
5UOI_1,1.014,0.016,5,1.014,0.016,5
5UOI_81,1.0863,0.0253,5,1.0863,0.0253,5
5UOI_35,1.0876,0.0244,5,1.0876,0.0244,5
5UOI_73,1.0894,0.0144,5,1.0894,0.0144,5
5UOI_87,1.0968,0.0173,5,1.0968,0.0173,5
5UOI_82,1.0972,0.0147,5,1.0972,0.0147,5
5UOI_42,1.0987,0.0189,5,1.0987,0.0189,5
5UOI_90,1.0989,0.0109,5,1.0989,0.0109,5
5UOI_23,1.1005,0.0198,5,1.1005,0.0198,5
5UOI_43,1.1047,0.007,5,1.1047,0.007,5
5UOI_44,1.1104,0.0184,5,1.1104,0.0184,5
5UOI_67,1.1112,0.0105,5,1.1112,0.0105,5
5UOI_68,1.1119,0.0085,5,1.1119,0.0085,5
5UOI_20,1.1125,0.0133,5,1.1125,0.0133,5
5UOI_38,1.1142,0.0102,5,1.1142,0.0102,5
5UOI_61,1.1167,0.012,5,1.1167,0.012,5
5UOI_29,1.1168,0.0141,5,1.1168,0.0141,5
5UOI_62,1.1171,0.0239,5,1.1171,0.0239,5
5UOI_17,1.1174,0.0201,5,1.1174,0.0201,5
5UOI_83,1.1175,0.0246,5,1.1175,0.0246,5
5UOI_12,1.1182,0.0244,5,1.1182,0.0244,5
5UOI_94,1.1202,0.0217,5,1.1202,0.0217,5
5UOI_51,1.1213,0.0246,5,1.1213,0.0246,5
5UOI_9,1.1216,0.0156,5,1.1216,0.0156,5
5UOI_41,1.1237,0.0182,5,1.1237,0.0182,5
5UOI_2,1.124,0.0183,5,1.124,0.0183,5
5UOI_8,1.1242,0.0168,5,1.1242,0.0168,5
5UOI_80,1.1244,0.0281,5,1.1244,0.0281,5
5UOI_5,1.1254,0.0233,5,1.1254,0.0233,5
5UOI_79,1.1256,0.0325,5,1.1256,0.0325,5
5UOI_24,1.1257,0.0375,5,1.1257,0.0375,5
5UOI_54,1.1261,0.0091,5,1.1261,0.0091,5
5UOI_48,1.1265,0.0369,5,1.1265,0.0369,5
5UOI_64,1.1278,0.0207,5,1.1278,0.0207,5
5UOI_69,1.1284,0.0117,5,1.1284,0.0117,5
5UOI_31,1.1294,0.033,5,1.1294,0.033,5
5UOI_93,1.1295,0.0225,5,1.1295,0.0225,5
5UOI_53,1.1296,0.0277,5,1.1296,0.0277,5
5UOI_72,1.1298,0.0337,5,1.1298,0.0337,5
5UOI_40,1.1301,0.0275,5,1.1301,0.0275,5
5UOI_101,1.1309,0.0238,5,1.1309,0.0238,5
5UOI_59,1.1319,0.0258,5,1.1319,0.0258,5
5UOI_66,1.1322,0.0115,5,1.1322,0.0115,5
5UOI_4,1.1322,0.0131,5,1.1322,0.0131,5
5UOI_60,1.1335,0.0174,5,1.1335,0.0174,5
5UOI_22,1.1339,0.0201,5,1.1339,0.0201,5
5UOI_100,1.1342,0.0158,5,1.1342,0.0158,5
5UOI_89,1.1344,0.0195,5,1.1344,0.0195,5
5UOI_50,1.1355,0.0059,5,1.1355,0.0059,5
5UOI_57,1.1361,0.0154,5,1.1361,0.0154,5
5UOI_55,1.1368,0.0165,5,1.1368,0.0165,5
5UOI_21,1.1369,0.023,5,1.1369,0.023,5
5UOI_70,1.1369,0.0249,5,1.1369,0.0249,5
5UOI_37,1.137,0.0242,5,1.137,0.0242,5
5UOI_75,1.1374,0.0178,5,1.1374,0.0178,5
5UOI_15,1.1375,0.0295,5,1.1375,0.0295,5
5UOI_30,1.1376,0.0125,5,1.1376,0.0125,5
5UOI_49,1.138,0.0205,5,1.138,0.0205,5
5UOI_14,1.1383,0.0253,5,1.1383,0.0253,5
5UOI_58,1.1385,0.0449,5,1.1385,0.0449,5
5UOI_33,1.1385,0.033,5,1.1385,0.033,5
5UOI_25,1.1388,0.0177,5,1.1388,0.0177,5
5UOI_45,1.1394,0.0235,5,1.1394,0.0235,5
5UOI_28,1.14,0.0106,5,1.14,0.0106,5
5UOI_84,1.1407,0.0378,5,1.1407,0.0378,5
5UOI_71,1.1408,0.0277,5,1.1408,0.0277,5
5UOI_99,1.1412,0.0186,5,1.1412,0.0186,5
5UOI_32,1.1414,0.0181,5,1.1414,0.0181,5
5UOI_39,1.1418,0.025,5,1.1418,0.025,5
5UOI_27,1.142,0.0056,5,1.142,0.0056,5
5UOI_95,1.1421,0.025,5,1.1421,0.025,5
5UOI_18,1.1426,0.0065,5,1.1426,0.0065,5
5UOI_86,1.1445,0.0203,5,1.1445,0.0203,5
5UOI_26,1.1447,0.0205,5,1.1447,0.0205,5
5UOI_76,1.1457,0.0167,5,1.1457,0.0167,5
5UOI_74,1.1459,0.0185,5,1.1459,0.0185,5
5UOI_85,1.1459,0.0176,5,1.1459,0.0176,5
5UOI_36,1.1462,0.0267,5,1.1462,0.0267,5
5UOI_65,1.1512,0.0333,5,1.1512,0.0333,5
5UOI_16,1.1521,0.0125,5,1.1521,0.0125,5
5UOI_34,1.1538,0.0142,5,1.1538,0.0142,5
5UOI_11,1.1543,0.0334,5,1.1543,0.0334,5
5UOI_46,1.1564,0.0156,5,1.1564,0.0156,5
5UOI_63,1.1573,0.0332,5,1.1573,0.0332,5
5UOI_3,1.1574,0.0218,5,1.1574,0.0218,5
5UOI_52,1.1581,0.0183,5,1.1581,0.0183,5
5UOI_6,1.1582,0.0235,5,1.1582,0.0235,5
5UOI_88,1.1599,0.0194,5,1.1599,0.0194,5
5UOI_77,1.16,0.0265,5,1.16,0.0265,5
5UOI_7,1.1601,0.0143,5,1.1601,0.0143,5
5UOI_13,1.1631,0.0237,5,1.1631,0.0237,5
5UOI_98,1.166,0.0207,5,1.166,0.0207,5
5UOI_78,1.1676,0.0195,5,1.1676,0.0195,5
5UOI_19,1.1682,0.0078,5,1.1682,0.0078,5
5UOI_56,1.1696,0.0226,5,1.1696,0.0226,5
5UOI_47,1.1704,0.0341,5,1.1704,0.0341,5
5UOI_97,1.1712,0.0289,5,1.1712,0.0289,5
5UOI_91,1.172,0.0153,5,1.172,0.0153,5
5UOI_10,1.1737,0.0204,5,1.1737,0.0204,5
5UOI_96,1.1766,0.0249,5,1.1766,0.0249,5
5UOI_92,1.1945,0.0193,5,1.1945,0.0193,5
5UOI,1.5336,0.0244,5,1.5336,0.0244,5
